0, 1, 2, 3, 4, 5, 6, 7, 8, 9, 10, 11, 12, 13, 14, 15, 16, 17, 18, 19, 20, 21, 22, 23, 24, 25, 26, 27, 28, 29, 30, 31, 32, 33, 34, 35, 36, 37, 38, 39, 40, 41, 42, 43, 44, 45, 46, 47, 48, 49, 50, 51, 52, 53, 54, 55, 56, 57, 58, 59, 60, 61, 62, 63, 64, 65, 66, 67, 68, 69, 70, 71, 72, 73, 74, 75, 76, 77, 78, 79, 80, 81, 82, 83, 84, 85, 86, 87, 88, 89, 90, 91, 92, 93, 94, 95, 96, 97, 98, 99, 100, 101, 102, 103, 104, 105, 106, 107, 108, 109, 110, 111, 112, 113, 114, 115, 116, 117, 118, 119, 120, 121, 122, 123, 124, 125, 126, 127, 128, 129, 130, 131, 132, 133, 134, 135, 136, 137, 138, 139, 140, 141, 142, 143, 144, 145, 146, 147, 148, 149, 150, 151, 152, 153, 154, 155, 156, 157, 158, 159, 160, 161, 162, 163, 164, 165, 166, 167, 168, 169, 170, 171, 172, 173, 174, 175, 176, 177, 178, 179, 180, 181, 182, 183, 184, 185, 186, 187, 188, 189, 190, 191, 192, 193, 194, 195, 196, 197, 198, 199, 200, 201, 202, 203, 204, 205, 206, 207, 208, 209, 210, 211, 212, 213, 214, 215, 216, 217, 218, 219, 220, 221, 222, 223, 224, 225, 226, 227, 228, 229, 230, 231, 232, 233, 234, 235, 236, 237, 238, 239, 240, 241, 242, 243, 244, 245, 246, 247, 248, 249, 250, 251, 252, 253, 254, 255, 
0, 47, 83, 104, 110, 102, 84, 59, 31, 7, -12, -24, -28, -24, -14, -1, 12, 24, 33, 36, 34, 27, 17, 4, -8, -19, -28, -33, -33, -31, -25, -17, -9, -1, 5, 9, 11, 10, 7, 4, 0, -3, -6, -8, -7, -6, -3, 0, 4, 8, 10, 12, 12, 10, 8, 5, 2, -1, -3, -5, -6, -5, -4, -3, -1, 0, 1, 2, 2, 2, 0, 0, -2, -3, -4, -5, -5, -4, -3, -1, 0, 1, 2, 3, 4, 4, 3, 2, 1, 0, 0, -1, -1, -1, 0, 0, 0, 1, 2, 2, 2, 2, 1, 0, 0, -1, -2, -3, -3, -3, -2, -1, -1, 0, 0, 1, 1, 1, 1, 0, 0, 0, -1, -1, -1, -1, 0, 0, 0, 1, 2, 2, 2, 2, 2, 1, 0, 0, -1, -1, -2, -2, -1, -1, 0, 0, 0, 1, 1, 0, 0, 0, -1, -1, -2, -3, -3, -2, -2, -1, 0, 1, 2, 3, 3, 3, 3, 2, 1, 0, 0, -1, -1, -1, -1, 0, 1, 2, 3, 3, 3, 3, 2, 0, -1, -3, -5, -6, -7, -7, -6, -4, -2, 0, 1, 3, 4, 4, 3, 2, 0, -2, -4, -5, -5, -4, -2, 0, 4, 8, 12, 15, 16, 15, 13, 9, 3, -2, -7, -12, -15, -16, -14, -11, -5, 0, 6, 10, 12, 10, 5, -2, -13, -24, -34, -41, -44, -41, -33, -18, 0, 20, 41, 58, 69, 72, 66, 52, 31, 7, -15, -34, -44, -43, -29, -2, 

0, 1, 2, 3, 4, 5, 6, 7, 8, 9, 10, 11, 12, 13, 14, 15, 16, 17, 18, 19, 20, 21, 22, 23, 24, 25, 26, 27, 28, 29, 30, 31, 32, 33, 34, 35, 36, 37, 38, 39, 40, 41, 42, 43, 44, 45, 46, 47, 48, 49, 50, 51, 52, 53, 54, 55, 56, 57, 58, 59, 60, 61, 62, 63, 64, 65, 66, 67, 68, 69, 70, 71, 72, 73, 74, 75, 76, 77, 78, 79, 80, 81, 82, 83, 84, 85, 86, 87, 88, 89, 90, 91, 92, 93, 94, 95, 96, 97, 98, 99, 100, 101, 102, 103, 104, 105, 106, 107, 108, 109, 110, 111, 112, 113, 114, 115, 116, 117, 118, 119, 120, 121, 122, 123, 124, 125, 126, 127, 128, 129, 130, 131, 132, 133, 134, 135, 136, 137, 138, 139, 140, 141, 142, 143, 144, 145, 146, 147, 148, 149, 150, 151, 152, 153, 154, 155, 156, 157, 158, 159, 160, 161, 162, 163, 164, 165, 166, 167, 168, 169, 170, 171, 172, 173, 174, 175, 176, 177, 178, 179, 180, 181, 182, 183, 184, 185, 186, 187, 188, 189, 190, 191, 192, 193, 194, 195, 196, 197, 198, 199, 200, 201, 202, 203, 204, 205, 206, 207, 208, 209, 210, 211, 212, 213, 214, 215, 216, 217, 218, 219, 220, 221, 222, 223, 224, 225, 226, 227, 228, 229, 230, 231, 232, 233, 234, 235, 236, 237, 238, 239, 240, 241, 242, 243, 244, 245, 246, 247, 248, 249, 250, 251, 252, 253, 254, 255, 
585, 600, 622, 666, 716, 758, 633, 125, -106, -170, -187, -174, -154, -135, -124, -109, -102, -94, -87, -76, -66, -63, -62, -58, -54, -43, -63, -53, -47, -42, -38, -47, -42, -43, -44, -37, -31, -36, -44, -22, -27, -27, -25, -31, -26, -22, -24, -31, -27, -19, -27, -20, -19, -28, -23, -17, -25, -19, -31, -25, -26, -21, -25, -19, -27, -24, -30, -28, -22, -23, -26, -17, -21, -17, -18, -17, -20, -28, -24, -18, -16, -18, -19, -14, -24, -16, -22, -21, -23, -20, -20, -20, -16, -14, -19, -23, -25, -21, -26, -21, -19, -21, -26, -23, -16, -18, -22, -22, -21, -23, -20, -14, -18, -20, -18, -24, -19, -21, -18, -16, -19, -21, -15, -19, -24, -21, -18, -17, -19, -17, -18, -21, -24, -19, -15, -21, -19, -16, -18, -21, -19, -24, -18, -20, -18, -14, -20, -23, -21, -22, -22, -18, -16, -23, -26, -21, -19, -21, -26, -21, -25, -23, -19, -14, -16, -20, -20, -20, -23, -21, -22, -16, -24, -14, -19, -18, -16, -18, -24, -28, -20, -17, -18, -17, -21, -17, -26, -23, -22, -28, -30, -24, -26, -19, -25, -21, -26, -25, -31, -19, -25, -17, -23, -28, -19, -20, -27, -19, -27, -31, -24, -22, -26, -31, -25, -27, -27, -22, -44, -36, -31, -37, -44, -43, -42, -47, -38, -42, -47, -53, -63, -43, -54, -58, -62, -63, -66, -76, -87, -94, -102, -109, -124, -135, -154, -174, -187, -170, -106, 125, 633, 758, 716, 666, 622, 600, 
0, -35, -70, -109, -154, -199, -188, -53, -17, -45, -100, -198, -338, -562, -902, -1433, -1944, -1443, -933, -602, -395, -268, -182, -127, -88, -64, -50, -35, -18, -7, -2, -2, 1, 2, 4, 12, 13, 9, 11, 6, 11, 19, 12, 14, 15, 15, 15, 11, 27, 14, 18, 16, 15, 18, 9, 17, 15, 18, 8, 8, 13, 15, 19, 18, 16, 17, 16, 15, 16, 17, 16, 8, 9, 13, 9, 9, 11, 4, 17, 5, 8, 11, 11, 17, 6, 0, 10, 4, 8, 4, 9, 6, 4, 13, 3, 8, 7, 13, 6, 16, 4, 1, 4, 8, 7, 2, 4, 2, 9, 0, 4, 2, 0, 5, 7, 8, -1, 0, -2, 0, -4, -3, 6, 1, 0, 3, 0, 0, 0, 0, 0, -3, 0, -1, -6, 3, 4, 0, 2, 0, 1, -8, -7, -5, 0, -2, -4, 0, -9, -2, -4, -2, -7, -8, -4, -1, -4, -16, -6, -13, -7, -8, -3, -13, -4, -6, -9, -4, -8, -4, -10, 0, -6, -17, -11, -11, -8, -5, -17, -4, -11, -9, -9, -13, -9, -8, -16, -17, -16, -15, -16, -17, -15, -18, -19, -15, -13, -8, -8, -18, -15, -17, -9, -18, -15, -16, -18, -14, -27, -11, -15, -15, -15, -14, -12, -19, -11, -6, -11, -9, -13, -12, -4, -2, -1, 2, 2, 7, 18, 35, 50, 64, 88, 127, 182, 268, 395, 602, 933, 1443, 1944, 1433, 902, 562, 338, 198, 100, 45, 17, 53, 188, 199, 154, 109, 70, 35, 
585, 601, 625, 674, 732, 783, 660, 135, 107, 175, 212, 263, 371, 577, 910, 1437, 1946, 1446, 937, 606, 400, 275, 192, 139, 103, 77, 80, 63, 50, 42, 38, 47, 42, 43, 44, 38, 33, 37, 45, 22, 29, 33, 27, 34, 30, 26, 28, 32, 38, 23, 32, 25, 24, 33, 24, 24, 29, 26, 32, 26, 29, 25, 31, 26, 31, 29, 34, 31, 27, 28, 30, 18, 22, 21, 20, 19, 22, 28, 29, 18, 17, 21, 21, 22, 24, 16, 24, 21, 24, 20, 21, 20, 16, 19, 19, 24, 25, 24, 26, 26, 19, 21, 26, 24, 17, 18, 22, 22, 22, 23, 20, 14, 18, 20, 19, 25, 19, 21, 18, 16, 19, 21, 16, 19, 24, 21, 18, 17, 19, 17, 18, 21, 24, 19, 16, 21, 19, 16, 18, 21, 19, 25, 19, 20, 18, 14, 20, 23, 22, 22, 22, 18, 17, 24, 26, 21, 19, 26, 26, 24, 25, 24, 19, 19, 16, 20, 21, 20, 24, 21, 24, 16, 24, 22, 21, 21, 17, 18, 29, 28, 22, 19, 20, 21, 22, 18, 30, 28, 27, 31, 34, 29, 30, 26, 31, 25, 29, 26, 32, 26, 29, 24, 24, 33, 24, 25, 32, 23, 38, 32, 28, 26, 30, 34, 27, 33, 29, 22, 45, 37, 33, 38, 44, 43, 42, 47, 38, 42, 50, 63, 80, 77, 103, 139, 192, 275, 400, 606, 937, 1446, 1946, 1437, 910, 577, 371, 263, 212, 175, 107, 135, 660, 783, 732, 674, 625, 601, 
0, -3, -6, -9, -12, -14, -16, -22, 9, 14, 28, 48, 65, 76, 82, 85, 86, 86, 84, 82, 80, 76, 71, 65, 58, 56, 38, 33, 20, 9, 3, 2, -1, -2, -5, -17, -22, -14, -14, -15, -22, -35, -25, -24, -29, -34, -32, -19, -45, -36, -33, -38, -38, -32, -21, -45, -30, -43, -14, -17, -26, -35, -37, -43, -30, -35, -28, -28, -36, -36, -31, -25, -23, -37, -26, -27, -28, -8, -35, -15, -26, -31, -30, -50, -14, 0, -24, -10, -19, -11, -24, -16, -14, -42, -8, -19, -15, -31, -12, -37, -11, -2, -8, -19, -23, -6, -10, -5, -23, 0, -11, -8, 0, -14, -21, -18, 3, 0, 6, 0, 11, 8, -21, -3, 0, -8, 0, 0, 0, 0, 0, 8, 0, 3, 21, -8, -11, 0, -6, 0, -3, 18, 21, 14, 0, 8, 11, 0, 23, 5, 10, 6, 23, 19, 8, 2, 11, 37, 12, 31, 15, 19, 8, 42, 14, 16, 24, 11, 19, 10, 24, 0, 14, 50, 30, 31, 26, 15, 35, 8, 28, 27, 26, 37, 23, 25, 31, 36, 36, 28, 28, 35, 29, 43, 37, 35, 26, 17, 14, 43, 30, 45, 21, 32, 38, 38, 33, 36, 45, 19, 32, 34, 29, 24, 25, 35, 22, 15, 14, 14, 22, 17, 5, 2, 1, -2, -3, -9, -20, -33, -38, -56, -58, -65, -71, -76, -80, -82, -84, -86, -86, -85, -82, -76, -65, -48, -28, -14, -9, 22, 16, 14, 12, 9, 6, 3, 

0, 1, 2, 3, 4, 5, 6, 7, 8, 9, 10, 11, 12, 13, 14, 15, 16, 17, 18, 19, 20, 21, 22, 23, 24, 25, 26, 27, 28, 29, 30, 31, 32, 33, 34, 35, 36, 37, 38, 39, 40, 41, 42, 43, 44, 45, 46, 47, 48, 49, 50, 51, 52, 53, 54, 55, 56, 57, 58, 59, 60, 61, 62, 63, 64, 65, 66, 67, 68, 69, 70, 71, 72, 73, 74, 75, 76, 77, 78, 79, 80, 81, 82, 83, 84, 85, 86, 87, 88, 89, 90, 91, 92, 93, 94, 95, 96, 97, 98, 99, 100, 101, 102, 103, 104, 105, 106, 107, 108, 109, 110, 111, 112, 113, 114, 115, 116, 117, 118, 119, 120, 121, 122, 123, 124, 125, 126, 127, 
554, 569, 604, 491, 183, 242, 358, 439, 4, -434, -365, -284, -219, -182, -149, -119, -106, -96, -76, -76, -66, -54, -52, -46, -46, -43, -37, -35, -34, -32, -33, -31, -28, -28, -23, -21, -22, -17, -17, -21, -19, -19, -14, -18, -19, -18, -17, -15, -19, -17, -8, -17, -9, -13, -13, -14, -13, -13, -9, -11, -11, -12, -16, -11, -12, -11, -16, -12, -11, -11, -9, -13, -13, -14, -13, -13, -9, -17, -8, -17, -19, -15, -17, -18, -19, -18, -14, -19, -19, -21, -17, -17, -22, -21, -23, -28, -28, -31, -33, -32, -34, -35, -37, -43, -46, -46, -52, -54, -66, -76, -76, -96, -106, -119, -149, -182, -219, -284, -365, -434, 4, 439, 358, 242, 183, 491, 604, 569, 
0, -78, -215, -514, -345, -240, -286, -535, -1038, -517, -240, -129, -75, -59, -35, -27, -20, -15, -10, -6, -10, -9, -4, -7, 5, -3, -5, -2, -3, -7, -2, 0, -3, -1, 2, 3, -1, -2, -3, 5, 0, 1, -3, -2, -1, 0, 0, -5, 0, 0, -1, -1, 2, -1, 2, 2, -3, 0, 0, 0, -4, 3, 0, 1, 0, -1, 0, -3, 4, 0, 0, 0, 3, -2, -2, 1, -2, 1, 1, 0, 0, 5, 0, 0, 1, 2, 3, -1, 0, -5, 3, 2, 1, -3, -2, 1, 2, 0, 2, 7, 3, 2, 5, 3, -5, 7, 4, 9, 10, 6, 10, 15, 20, 27, 35, 59, 75, 129, 240, 517, 1038, 535, 286, 240, 345, 514, 215, 78, 
554, 574, 641, 710, 390, 340, 458, 692, 1038, 675, 436, 311, 231, 191, 153, 122, 107, 97, 76, 76, 66, 54, 52, 46, 46, 43, 37, 35, 34, 32, 33, 31, 28, 28, 23, 21, 22, 17, 17, 21, 19, 19, 14, 18, 19, 18, 17, 15, 19, 17, 8, 17, 9, 13, 13, 14, 13, 13, 9, 11, 11, 12, 16, 11, 12, 11, 16, 12, 11, 11, 9, 13, 13, 14, 13, 13, 9, 17, 8, 17, 19, 15, 17, 18, 19, 18, 14, 19, 19, 21, 17, 17, 22, 21, 23, 28, 28, 31, 33, 32, 34, 35, 37, 43, 46, 46, 52, 54, 66, 76, 76, 97, 107, 122, 153, 191, 231, 311, 436, 675, 1038, 692, 458, 340, 390, 710, 641, 574, 
0, -7, -19, -46, -62, -44, -38, -50, -89, 49, 33, 24, 18, 17, 13, 12, 10, 8, 7, 4, 8, 9, 4, 8, -6, 3, 7, 3, 5, 12, 3, 0, 6, 2, -4, -8, 2, 6, 10, -13, 0, -3, 12, 6, 3, 0, 0, 18, 0, 0, 7, 3, -12, 4, -8, -8, 12, 0, 0, 0, 19, -14, 0, -5, 0, 5, 0, 14, -19, 0, 0, 0, -12, 8, 8, -4, 12, -3, -7, 0, 0, -18, 0, 0, -3, -6, -12, 3, 0, 13, -10, -6, -2, 8, 4, -2, -4, 0, -3, -12, -5, -3, -7, -3, 6, -8, -4, -9, -8, -4, -7, -8, -10, -12, -13, -17, -18, -24, -33, -49, 89, 50, 38, 44, 62, 46, 19, 7, 

0, 1, 2, 3, 4, 5, 6, 7, 8, 9, 10, 11, 12, 13, 14, 15, 16, 17, 18, 19, 20, 21, 22, 23, 24, 25, 26, 27, 28, 29, 30, 31, 32, 33, 34, 35, 36, 37, 38, 39, 40, 41, 42, 43, 44, 45, 46, 47, 48, 49, 50, 51, 52, 53, 54, 55, 56, 57, 58, 59, 60, 61, 62, 63, 64, 65, 66, 67, 68, 69, 70, 71, 72, 73, 74, 75, 76, 77, 78, 79, 80, 81, 82, 83, 84, 85, 86, 87, 88, 89, 90, 91, 92, 93, 94, 95, 96, 97, 98, 99, 100, 101, 102, 103, 104, 105, 106, 107, 108, 109, 110, 111, 112, 113, 114, 115, 116, 117, 118, 119, 120, 121, 122, 123, 124, 125, 126, 127, 128, 129, 130, 131, 132, 133, 134, 135, 136, 137, 138, 139, 140, 141, 142, 143, 144, 145, 146, 147, 148, 149, 150, 151, 152, 153, 154, 155, 156, 157, 158, 159, 160, 161, 162, 163, 164, 165, 166, 167, 168, 169, 170, 171, 172, 173, 174, 175, 176, 177, 178, 179, 180, 181, 182, 183, 184, 185, 186, 187, 188, 189, 190, 191, 192, 193, 194, 195, 196, 197, 198, 199, 200, 201, 202, 203, 204, 205, 206, 207, 208, 209, 210, 211, 212, 213, 214, 215, 216, 217, 218, 219, 220, 221, 222, 223, 224, 225, 226, 227, 228, 229, 230, 231, 232, 233, 234, 235, 236, 237, 238, 239, 240, 241, 242, 243, 244, 245, 246, 247, 248, 249, 250, 251, 252, 253, 254, 255, 
0, 47, 82, 103, 109, 101, 83, 58, 30, 6, -12, -24, -28, -24, -14, -1, 11, 24, 32, 36, 33, 27, 16, 4, -7, -18, -28, -32, -33, -31, -24, -17, -8, -1, 5, 9, 11, 9, 6, 3, 0, -3, -6, -8, -7, -6, -2, 0, 3, 8, 9, 12, 12, 10, 8, 5, 1, -1, -2, -4, -6, -5, -3, -2, 0, 0, 0, 2, 1, 1, 0, 0, -2, -3, -4, -5, -5, -4, -3, 0, 0, 1, 1, 2, 3, 4, 2, 2, 1, 0, 0, 0, 0, 0, 0, 0, 0, 1, 2, 1, 2, 1, 0, 0, 0, 0, -1, -2, -3, -2, -1, -1, 0, 0, 0, 0, 0, 1, 1, 0, 0, 0, 0, -1, 0, -1, 0, 0, 0, 1, 1, 2, 1, 2, 1, 0, 0, 0, -1, -1, -1, -2, -1, -1, 0, 0, 0, 0, 1, 0, 0, 0, 0, 0, -1, -3, -2, -2, -1, 0, 0, 1, 2, 3, 2, 3, 2, 2, 1, 0, 0, -1, 0, 0, -1, 0, 0, 2, 3, 2, 2, 2, 1, 0, -1, -3, -4, -5, -7, -6, -6, -3, -2, 0, 1, 3, 3, 4, 3, 1, 0, -2, -3, -4, -4, -3, -2, 0, 3, 7, 12, 14, 16, 14, 13, 9, 3, -2, -6, -11, -14, -15, -14, -10, -5, 0, 6, 10, 12, 10, 5, -1, -12, -24, -33, -40, -43, -41, -32, -18, 0, 19, 41, 57, 69, 72, 65, 51, 30, 6, -15, -33, -43, -42, -28, -2, 

Loading waveform...
Starting discrete fourier transform...
Starting inverse discrete fourier transform...
Writing reclaimed waveform...
